id,y_pred
0,23.944065
1,23.455832
2,23.083147
3,19.550068
4,17.943604
5,17.28839
6,18.080334
7,16.732777
8,14.820971
9,16.936525
10,17.801361
11,20.999138
12,26.873169
13,33.185173
14,39.40864
15,32.11474
16,26.491385
17,24.230541
18,20.377087
19,19.34108
20,18.272028
21,18.333332
22,17.503056
23,16.394424
24,16.830894
25,16.652914
26,15.813598
27,14.44917
28,13.412581
29,13.703888
30,10.77065
31,6.0465336
32,5.940848
33,4.95711
34,7.0222745
35,11.876201
36,15.18774
37,20.491272
38,20.198067
39,18.088629
40,15.703133
41,12.199954
42,5.7737727
43,4.4179316
44,0.8913053
45,0.96771497
46,2.7692204
47,4.051169
48,17.357122
49,24.521902
50,25.073154
51,23.301266
52,21.57272
53,18.567167
54,17.582657
55,12.817446
56,11.594253
57,9.716281
58,11.004254
59,15.408872
60,19.790154
61,24.752314
62,24.385565
63,21.724007
64,20.82226
65,19.771084
66,18.620663
67,19.74422
68,18.11316
69,17.612143
70,17.082067
71,18.654991
72,23.244751
73,29.272741
74,33.70938
75,24.45341
76,19.998926
77,20.744808
78,20.376284
79,17.344551
80,16.06861
81,16.44226
82,17.966618
83,20.618942
84,25.453932
85,30.885948
86,29.813313
87,26.886076
88,23.765085
89,22.520327
90,20.58808
91,21.114994
92,21.137756
93,20.448956
94,19.703596
95,21.523039
96,28.119032
97,34.214485
98,42.22891
99,37.911617
100,33.151707
101,35.20022
102,34.312664
103,33.215954
104,29.557074
105,29.536556
106,29.740757
107,30.960447
108,38.331905
109,38.52937
110,36.20546
111,31.756992
112,27.252583
113,20.92399
114,18.550486
115,17.68572
116,17.842915
117,16.169641
118,16.531523
119,20.667118
120,26.230352
121,28.187689
122,31.283136
123,27.44416
124,27.041069
125,24.230263
126,22.909893
127,22.04467
128,21.21416
129,22.489014
130,23.0163
131,26.05039
132,28.491127
133,32.36544
134,31.79583
135,27.168379
136,25.524178
137,22.489977
138,19.43869
139,18.39851
140,17.423067
141,16.026327
142,16.353582
143,18.408468
144,23.376331
145,28.388456
146,28.869734
147,25.648233
148,19.885437
149,20.714321
150,20.640848
151,18.237934
152,16.574791
153,17.277065
154,18.154562
155,21.004807
156,24.89741
157,26.214289
158,26.835756
159,24.995834
160,23.300943
161,19.742603
162,17.8187
163,17.995611
164,16.846699
165,14.823543
166,15.759268
167,15.598882
168,15.824507
169,18.186987
170,16.566017
171,11.006672
172,8.630495
173,7.850271
174,7.1868634
175,5.6223464
176,1.303787
177,7.7994757
178,15.379884
179,19.819473
180,21.631426
181,25.149008
182,28.420057
183,27.139004
184,27.345695
185,24.224192
186,20.080654
187,17.588324
188,14.798069
189,13.561358
190,12.818706
191,11.459965
192,13.323959
193,9.405806
194,8.452453
195,5.146028
196,-0.17932706
197,-8.319608
198,-15.190803
199,-12.090507
200,-26.986202
201,-25.562683
202,-6.660867
203,6.5354395
204,17.752567
205,24.5345
206,24.58213
207,22.167192
208,22.544748
209,20.544731
210,19.081972
211,15.892585
212,14.631726
213,13.612799
214,14.750363
215,17.548012
216,24.76614
217,29.053415
218,28.801125
219,27.317705
220,20.179756
221,17.30968
222,13.481173
223,13.25643
224,12.994674
225,15.084604
226,16.386526
227,19.849033
228,24.742596
229,26.482052
230,27.828379
231,28.37645
232,23.825111
233,20.742195
234,19.684122
235,18.85527
236,16.00175
237,16.23961
238,16.292313
239,18.694073
240,22.239807
241,26.836275
242,27.135326
243,25.613829
244,20.078156
245,18.366196
246,18.342098
247,17.906315
248,17.641926
249,18.882504
250,20.032476
251,23.171883
252,26.310183
253,35.04458
254,43.408604
255,41.948513
256,35.435425
257,25.115545
258,20.27285
259,19.835974
260,21.496859
261,21.139074
262,21.98827
263,22.805288
264,28.49906
265,50.911316
266,55.699352
267,51.81113
268,32.589092
269,27.639376
270,29.584738
271,27.366436
272,22.311947
273,23.139256
274,23.498114
275,25.620592
276,31.258955
277,42.895527
278,47.771736
279,47.929092
280,43.00965
281,33.282974
282,20.59154
283,20.075823
284,19.318388
285,17.842009
286,16.819893
287,17.958735
288,21.886744
289,23.632359
290,24.39653
291,19.05786
292,13.165079
293,12.370695
294,12.448752
295,10.350779
296,10.948985
297,11.802132
298,17.13282
299,22.063585
300,25.666838
301,28.405685
302,33.984894
303,40.475727
304,28.181555
305,21.86821
306,20.381077
307,18.434872
308,15.032165
309,14.873859
310,14.1651945
311,16.933428
312,20.795073
313,23.896683
314,22.693974
315,20.313192
316,19.094522
317,15.7391815
318,14.38868
319,14.558718
320,14.753369
321,16.589306
322,19.285543
323,21.09468
324,24.737059
325,26.779167
326,25.822813
327,22.5526
328,21.426659
329,20.469048
330,19.093485
331,14.288981
332,11.176529
333,10.703653
334,9.772878
335,10.344136
336,12.994345
337,14.003872
338,17.38895
339,16.102613
340,14.799041
341,15.019787
342,12.837642
343,10.600208
344,3.675958
345,2.8794239
346,1.1850893
347,6.204866
348,12.2828865
349,14.392914
350,14.965438
351,14.511113
352,13.731393
353,10.649087
354,9.07891
355,1.7731321
356,-3.0362303
357,-4.528796
358,-7.499931
359,-8.285108
360,-12.065094
361,-9.32577
362,-22.356377
363,-30.927265
364,-65.140076
365,-67.019424
366,-66.94171
367,-64.93062
368,-62.72235
369,-58.72042
370,-59.49387
371,-50.112278
372,-10.741771
373,12.121343
374,12.530514
375,14.426293
376,14.73174
377,12.036934
378,6.1373
379,9.280278
380,6.766457
381,3.7829585
382,6.160967
383,12.1584
384,17.611956
385,21.045713
386,22.68828
387,20.304142
388,18.526226
389,18.518826
390,20.13139
391,16.965302
392,15.771671
393,16.324446
394,18.131947
395,20.250132
396,24.758263
397,26.879826
398,28.882708
399,34.643898
400,30.969782
401,23.925215
402,20.055666
403,19.899311
404,21.774366
405,20.666264
406,20.847746
407,24.191133
408,27.835028
409,38.081387
410,39.95564
411,32.36594
412,22.488764
413,21.185232
414,20.89756
415,20.142614
416,19.172884
417,20.35065
418,21.635698
419,24.571997
420,30.770527
421,40.49576
422,47.85868
423,43.227627
424,33.54964
425,27.387976
426,22.013151
427,21.136587
428,21.192421
429,20.592775
430,21.940899
431,23.452244
432,29.678219
433,31.173443
434,32.188625
435,24.271923
436,21.987143
437,19.571007
438,21.1813
439,20.605354
440,19.808704
441,19.634085
442,20.916523
443,22.112467
444,26.827484
445,28.694626
446,28.315678
447,24.470497
448,22.656862
449,20.307041
450,18.374104
451,17.390621
452,15.460437
453,15.622263
454,16.51688
455,18.057056
456,24.374184
457,27.17683
458,26.632816
459,22.936016
460,20.032614
461,17.763315
462,17.314629
463,15.285381
464,13.891448
465,14.998004
466,17.36235
467,20.401196
468,23.714539
469,26.594055
470,28.910715
471,24.242914
472,25.596169
473,22.759264
474,20.534203
475,18.407175
476,18.603142
477,18.007177
478,19.287872
479,21.385622
480,26.513948
481,31.165298
482,35.950832
483,29.272814
484,22.022184
485,20.6775
486,19.560814
487,18.134329
488,17.988604
489,17.473553
490,19.505945
491,21.222494
492,25.950851
493,29.85909
494,27.553854
495,24.790924
496,24.363884
497,21.940138
498,20.279245
499,16.645096
500,15.372163
501,15.61897
502,15.730311
503,15.920116
504,19.641806
505,19.545092
506,18.418306
507,12.177551
508,7.809432
509,4.807859
510,7.7423725
511,8.581429
512,5.115479
513,5.458112
514,8.004056
515,13.921347
516,17.817009
517,23.07592
518,22.74084
519,19.933943
520,18.309065
521,17.270359
522,15.149003
523,11.874119
524,10.374053
525,10.529098
526,10.895755
527,10.051226
528,9.247242
529,8.920401
530,5.860885
531,0.29748672
532,-2.5116591
533,-4.2316055
534,-7.138091
535,-10.537275
536,-23.209227
537,-19.340597
538,-31.815226
539,-3.7895708
540,6.942492
541,12.319627
542,16.140596
543,15.095114
544,14.430935
545,11.468274
546,9.733346
547,7.1649737
548,9.455971
549,10.133139
550,8.02566
551,9.481702
552,11.270426
553,11.673179
554,11.140498
555,4.9289937
556,1.7043225
557,-19.204903
558,-20.542316
559,-19.249916
560,-54.137417
561,-56.370388
562,-6.476232
563,11.494279
564,20.238953
565,21.52913
566,23.645914
567,21.204058
568,21.14352
569,20.615932
570,19.399714
571,17.1976
572,15.798503
573,15.578741
574,15.624499
575,18.254452
576,26.396624
577,31.495583
578,46.694714
579,37.843105
580,21.877823
581,20.19003
582,19.746386
583,19.90526
584,18.389957
585,19.699362
586,19.93229
587,22.976616
588,30.461092
589,45.49769
590,54.258354
591,50.951313
592,43.759003
593,34.135185
594,24.013203
595,23.303232
596,21.874077
597,21.650124
598,20.902256
599,21.470194
600,28.301617
601,36.290783
602,49.676094
603,33.860626
604,29.71898
605,27.507807
606,26.774815
607,26.568594
608,24.603754
609,25.746899
610,26.789276
611,29.028212
612,32.01632
613,36.165306
614,42.505222
615,39.548862
616,30.888182
617,25.560955
618,21.845434
619,20.170874
620,20.092882
621,18.808386
622,19.67017
623,22.330933
624,28.16047
625,33.325962
626,35.3716
627,40.525497
628,31.631098
629,30.551682
630,30.799204
631,28.459246
632,28.811378
633,26.885208
634,27.066668
635,29.552984
636,29.655018
637,32.87211
638,29.056253
639,23.94223
640,22.379585
641,20.47675
642,16.97622
643,16.264238
644,15.066109
645,15.227933
646,16.043169
647,17.379938
648,23.299791
649,29.222105
650,33.41114
651,34.30684
652,31.293356
653,27.28211
654,30.666492
655,25.384817
656,22.543018
657,22.691717
658,23.05913
659,25.874813
660,29.06793
661,30.610577
662,29.015701
663,25.649288
664,23.242523
665,20.14972
666,13.224054
667,5.1060996
668,3.1143258
669,-1.0782409
670,-0.20331992
671,2.397938
672,3.315442
673,2.7418559
674,4.769577
675,4.0459437
676,3.7633793
677,1.4679714
678,-5.2604637
679,-11.323437
680,-19.523129
681,-9.405443
682,-0.63423073
683,9.433345
684,21.724749
685,23.824135
686,25.085512
687,22.317646
688,22.32683
689,19.96979
690,15.772399
691,17.358173
692,13.592785
693,11.614429
694,12.5832205
695,11.891346
696,12.23273
697,11.745155
698,13.40497
699,12.767102
700,13.890857
701,14.960351
702,14.863269
703,13.023856
704,11.936964
705,12.072758
706,13.3427
707,20.14984
708,21.077448
709,24.483765
710,27.250834
711,27.377176
712,28.245445
713,28.973888
714,26.651924
715,24.601173
716,22.052479
717,21.775284
718,21.37111
719,23.000996
720,32.11802
721,41.641308
722,44.08589
723,36.629433
724,32.96489
725,34.15858
726,35.00364
727,34.144657
728,32.28548
729,30.868025
730,30.570076
731,32.57617
732,39.43009
733,45.04829
734,41.266273
735,34.159443
736,34.002167
737,31.385803
738,27.420141
739,27.130457
740,25.620903
741,24.190912
742,22.71179
743,24.364586
744,31.530008
745,40.882347
746,47.244755
747,48.57222
748,40.947617
749,44.791542
750,44.208645
751,42.44258
752,38.680428
753,37.725815
754,34.65023
755,36.817787
756,45.606197
757,50.04849
758,48.313004
759,40.342358
760,35.954884
761,31.237762
762,27.335611
763,25.32176
764,24.036983
765,21.883108
766,20.887583
767,24.750492
768,30.570057
769,36.661568
770,42.572098
771,42.833942
772,40.894455
773,40.98405
774,38.66079
775,35.695347
776,34.659386
777,33.329506
778,32.854065
779,33.941704
780,37.94777
781,40.507057
782,39.38754
783,32.52974
784,29.762205
785,29.127422
786,26.232588
787,24.998743
788,21.227762
789,20.068861
790,19.1062
791,20.145239
792,24.235237
793,26.122372
794,30.56525
795,30.993557
796,29.952667
797,26.69546
798,25.450806
799,23.335896
800,22.340145
801,23.074877
802,22.735312
803,24.771027
804,26.94294
805,29.979431
806,31.818022
807,28.72992
808,27.149078
809,24.725718
810,21.543
811,19.636074
812,17.18774
813,15.865702
814,16.02858
815,17.446873
816,21.758793
817,26.74765
818,26.636675
819,24.818216
820,21.318598
821,20.773516
822,18.45263
823,15.897416
824,11.581015
825,13.188463
826,16.452044
827,19.852278
828,24.79088
829,26.97899
830,29.617853
831,25.198318
832,23.422546
833,23.298775
834,16.761919
835,17.488657
836,17.022219
837,16.31223
838,17.985695
839,19.323734
840,20.128857
841,20.75954
842,21.47653
843,17.894653
844,16.350475
845,15.805953
846,15.234503
847,11.804216
848,12.192735
849,15.185167
850,15.992765
851,19.074184
852,21.195715
853,26.242304
854,26.371046
855,24.899456
856,23.65371
857,21.921108
858,18.243933
859,14.048361
860,13.319946
861,13.091785
862,12.503591
863,12.900313
864,13.501799
865,15.621923
866,16.283731
867,16.38404
868,17.15197
869,19.030499
870,19.996294
871,18.091566
872,16.428423
873,16.042332
874,17.273943
875,19.194855
876,22.010584
877,23.84286
878,25.530209
879,25.262943
880,25.514502
881,25.568342
882,20.140354
883,20.17083
884,19.799578
885,18.139269
886,18.118364
887,19.797968
888,26.303442
889,35.035675
890,38.854954
891,35.261528
892,34.848343
893,33.38195
894,33.532497
895,33.58395
896,33.65999
897,32.49502
898,32.52364
899,33.345963
900,40.568687
901,43.737995
902,44.784214
903,37.564766
904,35.171818
905,34.274418
906,29.027948
907,28.57313
908,25.848063
909,24.988478
910,24.510387
911,26.395096
912,33.93017
913,38.207336
914,42.235703
915,44.53925
916,39.901764
917,38.844006
918,38.80821
919,38.02466
920,34.69484
921,32.939377
922,33.99229
923,33.28594
924,40.243095
925,45.71782
926,45.267612
927,36.981487
928,35.835003
929,32.767998
930,29.374657
931,30.471285
932,29.632004
933,27.884205
934,27.472054
935,27.872036
936,37.21449
937,41.050144
938,51.553535
939,50.77128
940,39.69948
941,38.427532
942,37.173588
943,35.59714
944,35.763714
945,35.22876
946,34.616825
947,37.524044
948,44.0147
949,49.1303
950,46.61207
951,39.51701
952,36.96032
953,33.79375
954,29.6413
955,26.904312
956,25.020758
957,22.575645
958,22.428545
959,24.964516
960,30.399204
961,35.908585
962,39.782898
963,37.36965
964,35.64361
965,36.065456
966,35.33931
967,34.78173
968,33.5583
969,32.951195
970,33.070442
971,37.40558
972,40.33369
973,41.409683
974,40.424084
975,35.876568
976,35.23319
977,31.84305
978,27.568422
979,27.215946
980,23.94111
981,21.707548
982,21.972908
983,23.885944
984,29.34075
985,33.38938
986,38.081356
987,36.951015
988,35.72891
989,34.13534
990,33.27376
991,30.84978
992,27.54529
993,27.853498
994,26.41949
995,28.71448
996,32.986275
997,38.016968
998,36.809555
999,32.50349
1000,32.696594
1001,31.844618
1002,28.962519
1003,25.606104
1004,23.18574
1005,21.043951
1006,20.977543
1007,20.811378
1008,22.683205
1009,24.239103
1010,24.682901
1011,24.137972
1012,22.864374
1013,21.479828
1014,19.915382
1015,20.021784
1016,15.733153
1017,15.78584
1018,17.0746
1019,25.303411
1020,27.280067
1021,32.63419
1022,33.56197
1023,31.763214
1024,33.249104
1025,31.992823
1026,29.014294
1027,27.732574
1028,24.08013
1029,20.551773
1030,18.714687
1031,16.180763
1032,13.876915
1033,13.675825
1034,12.272988
1035,12.373671
1036,12.430298
1037,14.352332
1038,14.020117
1039,13.864847
1040,10.005484
1041,8.970394
1042,12.687667
1043,18.058605
1044,27.038706
1045,29.511646
1046,31.575203
1047,29.0649
1048,30.766207
1049,31.281477
1050,27.531181
1051,21.17117
1052,21.491695
1053,20.64091
1054,20.912806
1055,23.072714
1056,29.138887
1057,36.689785
1058,37.24299
1059,35.189617
1060,31.596571
1061,31.666317
1062,30.845192
1063,28.659231
1064,23.351166
1065,24.757708
1066,23.216787
1067,27.648727
1068,37.213688
1069,41.545265
1070,39.631184
1071,36.116272
1072,35.629063
1073,33.81694
1074,30.49597
1075,28.627386
1076,27.063356
1077,25.83186
1078,24.332773
1079,26.028936
1080,33.605583
1081,37.773563
1082,37.951855
1083,35.15121
1084,32.318703
1085,30.694738
1086,29.064787
1087,28.059347
1088,27.382458
1089,27.902014
1090,29.516968
1091,33.847614
1092,39.918278
1093,43.451313
1094,46.60591
1095,44.88706
1096,38.79195
1097,34.638344
1098,31.145868
1099,31.467546
1100,31.12889
1101,27.389126
1102,26.998777
1103,29.430435
1104,34.204235
1105,40.27004
1106,42.94224
1107,35.915546
1108,34.53111
1109,34.54139
1110,33.88137
1111,32.98158
1112,32.64065
1113,32.51594
1114,33.24378
1115,37.008324
1116,41.871803
1117,46.04841
1118,47.724533
1119,42.554546
1120,37.349087
1121,35.731327
1122,31.066381
1123,28.761728
1124,27.07406
1125,25.804415
1126,26.384394
1127,26.90908
1128,33.845478
1129,41.42346
1130,42.212204
1131,39.024426
1132,37.106342
1133,36.905148
1134,34.057884
1135,31.573782
1136,30.278599
1137,30.285337
1138,31.18681
1139,36.103046
1140,41.601486
1141,44.58652
1142,45.942516
1143,39.54284
1144,37.790485
1145,34.933777
1146,30.531944
1147,29.808104
1148,27.494736
1149,25.893927
1150,24.930172
1151,27.935274
1152,33.18807
1153,39.701733
1154,41.072063
1155,35.610176
1156,35.673485
1157,34.688004
1158,32.142803
1159,31.68816
1160,30.785229
1161,32.32819
1162,32.657127
1163,37.411095
1164,42.05333
1165,45.200966
1166,45.883694
1167,39.298557
1168,38.32208
1169,36.331104
1170,34.72699
1171,33.414455
1172,30.562254
1173,27.649317
1174,27.275846
1175,27.989521
1176,28.540464
1177,27.460976
1178,29.31191
1179,27.606184
1180,27.00325
1181,26.95698
1182,22.728575
1183,20.192402
1184,18.284992
1185,16.717077
1186,20.748539
1187,24.357128
1188,27.750942
1189,33.663208
1190,33.543056
1191,31.57313
1192,33.103317
1193,30.857084
1194,26.513887
1195,21.824907
1196,19.511547
1197,14.585772
1198,13.764419
1199,14.921353
1200,14.39202
1201,12.810755
1202,12.300007
1203,11.179805
1204,8.040872
1205,11.835518
1206,11.606872
1207,7.8456216
1208,-4.798058
1209,-2.3498561
1210,3.065187
1211,14.367442
1212,24.033546
1213,29.768084
1214,31.868572
1215,31.754988
1216,33.612537
1217,33.052258
1218,28.174261
1219,22.160265
1220,18.860598
1221,16.468922
1222,17.531256
1223,19.548008
1224,25.463919
1225,31.932076
1226,37.68123
1227,36.671173
1228,35.89199
1229,33.510868
1230,31.264994
1231,28.55501
1232,20.674656
1233,21.457108
1234,20.633154
1235,21.87191
1236,25.800453
1237,37.68442
1238,36.015068
1239,32.665073
1240,32.970943
1241,30.312454
1242,20.204355
1243,19.396704
1244,19.064617
1245,14.311736
1246,12.663996
1247,15.821985
1248,25.367561
1249,30.215353
1250,32.080517
1251,22.689684
1252,11.997903
1253,3.0931385
1254,0.27102056
1255,1.9837279
1256,-0.21703215
1257,3.8971975
1258,7.848846
1259,13.8855715
1260,26.671051
1261,32.678055
1262,35.803154
1263,34.039295
1264,33.650093
1265,30.961153
1266,27.854273
1267,20.057606
1268,23.346746
1269,24.082632
1270,24.822418
1271,26.225815
1272,30.565842
1273,37.863358
1274,37.464153
1275,35.576046
1276,34.97368
1277,34.282597
1278,33.429974
1279,26.629198
1280,23.238752
1281,25.004387
1282,26.889463
1283,30.365139
1284,37.74828
1285,41.023613
1286,42.82932
1287,37.949158
1288,37.24175
1289,35.809395
1290,34.716457
1291,31.801918
1292,30.153929
1293,27.450502
1294,27.155918
1295,29.261223
1296,35.00526
1297,45.04924
1298,44.868122
1299,43.829327
1300,39.10195
1301,40.1999
1302,39.16283
1303,36.718754
1304,36.6176
1305,35.634438
1306,35.091755
1307,37.66535
1308,43.181606
1309,49.884796
1310,51.899483
1311,43.914913
1312,42.678104
1313,40.60683
1314,36.96256
1315,37.03369
1316,33.258812
1317,31.582336
1318,31.263792
1319,30.906004
1320,38.586163
1321,46.768246
1322,47.72965
1323,45.443867
1324,40.68072
1325,37.462982
1326,35.34343
1327,32.257366
1328,28.934088
1329,26.33339
1330,25.940973
1331,28.56193
1332,36.84744
1333,41.86332
1334,40.64107
1335,37.24902
1336,35.69578
1337,32.859547
1338,27.510815
1339,24.979052
1340,21.005806
1341,16.3799
1342,10.4835005
1343,13.941116
1344,14.730838
1345,15.174574
1346,16.993193
1347,11.536393
1348,-7.554011
1349,-4.290247
1350,-4.8621387
1351,-9.737023
1352,-18.568653
1353,-3.6510997
1354,-2.351944
1355,12.618371
1356,28.43097
1357,32.991344
1358,29.176785
1359,24.812742
1360,24.29065
1361,21.734913
1362,15.803343
1363,5.2051234
1364,-1.9279871
1365,-2.3563337
1366,-2.46873
1367,-12.016385
1368,-16.55906
1369,-18.465042
1370,-16.515526
1371,-15.674353
1372,-13.58901
1373,-23.283115
1374,-25.557816
1375,-55.55491
1376,-66.79076
1377,-59.421127
1378,-60.307217
1379,-50.467735
1380,-17.459002
1381,-0.8912009
1382,9.999377
1383,17.72155
1384,23.365814
1385,26.270605
1386,14.848737
1387,10.415867
1388,-0.08496094
1389,0.7602752
1390,-0.99024534
1391,3.941589
1392,16.931746
1393,25.417215
1394,27.535172
1395,20.88861
1396,17.846622
1397,3.2458005
1398,3.2279582
1399,0.32624644
1400,-3.6970346
1401,0.6445647
1402,1.929836
1403,12.495137
1404,18.533651
1405,33.01715
1406,35.390396
1407,31.728727
1408,33.20989
1409,31.531334
1410,26.927908
1411,26.489143
1412,27.473913
1413,27.168123
1414,27.722397
1415,29.145079
1416,32.199257
1417,36.839447
1418,35.76185
1419,33.466717
1420,30.987715
1421,29.595982
1422,26.030182
1423,26.274633
1424,22.763388
1425,23.829885
1426,24.579605
1427,28.190887
1428,34.882713
1429,43.55916
1430,41.606644
1431,38.255226
1432,37.60526
1433,36.13262
1434,34.195847
1435,33.717255
1436,31.000162
1437,29.754744
1438,29.841032
1439,30.915462
1440,34.686615
1441,42.02651
1442,46.10483
1443,43.834084
1444,42.70397
1445,41.45025
1446,42.120953
1447,40.19015
1448,39.381165
1449,39.629166
1450,40.83778
1451,42.532887
1452,51.005096
1453,57.70126
1454,53.92972
1455,48.772465
1456,43.45223
1457,41.401512
1458,36.16795
1459,36.839684
1460,35.10503
1461,32.334995
1462,30.084763
1463,33.07535
1464,40.016838
1465,49.405163
1466,51.315723
1467,46.6546
1468,44.16156
1469,43.84031
1470,44.638996
1471,40.844948
1472,40.440136
1473,38.47634
1474,39.331577
1475,41.7512
1476,46.992405
1477,51.22972
1478,52.23318
1479,44.72533
1480,43.83837
1481,40.387104
1482,38.793915
1483,36.64432
1484,33.41307
1485,32.360718
1486,31.149311
1487,31.497177
1488,37.534992
1489,43.791836
1490,44.675087
1491,40.460606
1492,39.07689
1493,39.324425
1494,37.2389
1495,35.744846
1496,33.57917
1497,29.839169
1498,30.12207
1499,32.54895
1500,39.892365
1501,42.52327
1502,41.56786
1503,38.681713
1504,38.530838
1505,36.585453
1506,34.45502
1507,32.093563
1508,28.868044
1509,27.614037
1510,27.080513
1511,26.515581
1512,28.117077
1513,29.314594
1514,29.509108
1515,29.060698
1516,27.455868
1517,26.186451
1518,24.929619
1519,22.661133
1520,21.57762
1521,22.875357
1522,23.569954
1523,29.209631
1524,31.328894
1525,36.543396
1526,37.0736
1527,34.876713
1528,34.59154
1529,34.254105
1530,32.174194
1531,30.348257
1532,27.963432
1533,25.674738
1534,24.528534
1535,24.603413
1536,25.30421
1537,23.435099
1538,22.252388
1539,15.360994
1540,14.16562
1541,13.705409
1542,12.138022
1543,12.145193
1544,12.188838
1545,14.926295
1546,18.07536
1547,23.626366
1548,28.489605
1549,34.65685
1550,36.892136
1551,35.648777
1552,35.890133
1553,33.908405
1554,32.82246
1555,27.477955
1556,26.073278
1557,24.996464
1558,25.402685
1559,26.918468
1560,32.28423
1561,38.70991
1562,40.422638
1563,34.489117
1564,34.11159
1565,32.32922
1566,31.03348
1567,30.594004
1568,30.90395
1569,32.752472
1570,33.091732
1571,38.319626
1572,44.402386
1573,47.46679
1574,48.612263
1575,39.874195
1576,38.562202
1577,36.339603
1578,34.02414
1579,32.810272
1580,28.773817
1581,27.843496
1582,27.647247
1583,29.667253
1584,32.83372
1585,40.751827
1586,44.961445
1587,36.643566
1588,34.599155
1589,35.083115
1590,34.87315
1591,35.16514
1592,35.96221
1593,36.7489
1594,38.034004
1595,40.75519
1596,44.599407
1597,49.97795
1598,47.029114
1599,43.061245
1600,39.29697
1601,38.029713
1602,34.82344
1603,34.101925
1604,29.919106
1605,29.929558
1606,29.175236
1607,31.20885
1608,40.55186
1609,48.779907
1610,52.217445
1611,54.96279
1612,45.69753
1613,45.06219
1614,47.233925
1615,44.157196
1616,42.147396
1617,41.539875
1618,42.76808
1619,42.39065
1620,47.10008
1621,50.093636
1622,48.900738
1623,42.814716
1624,44.106323
1625,38.844635
1626,35.269825
1627,35.404964
1628,32.020164
1629,29.044783
1630,29.132162
1631,31.321875
1632,39.656063
1633,50.39949
1634,55.58417
1635,53.570248
1636,53.88754
1637,54.52082
1638,49.985977
1639,49.26257
1640,43.862873
1641,44.700455
1642,44.60934
1643,47.450485
1644,53.875393
1645,50.51472
1646,49.015465
1647,50.09362
1648,45.55392
1649,38.931293
1650,36.455364
1651,34.863247
1652,31.697659
1653,29.210674
1654,28.952175
1655,30.755482
1656,40.484898
1657,48.146553
1658,47.49504
1659,44.376087
1660,41.337563
1661,41.21715
1662,40.52996
1663,38.19476
1664,36.917572
1665,37.384575
1666,37.207222
1667,40.658386
1668,45.34818
1669,46.6969
1670,45.556213
1671,41.4999
1672,40.39129
1673,37.902496
1674,34.50521
1675,33.21835
1676,29.491722
1677,27.464148
1678,26.264107
1679,26.983915
1680,28.836056
1681,28.735924
1682,28.360668
1683,27.121397
1684,26.40567
1685,25.295412
1686,24.028587
1687,23.79846
1688,23.79846
1689,24.975687
1690,25.415154
1691,29.055424
1692,34.60726
1693,41.559273
1694,39.940872
1695,36.71972
1696,36.593224
1697,35.86733
1698,34.251064
1699,31.620783
1700,27.604116
1701,26.901346
1702,24.990536
1703,25.168541
1704,25.942574
1705,25.058577
1706,25.2796
1707,22.916193
1708,21.740812
1709,22.64989
1710,20.516142
1711,19.138315
1712,17.009478
1713,20.613552
1714,21.115128
1715,28.502165
1716,31.113941
1717,35.14043
1718,37.370613
1719,36.40733
1720,36.673435
1721,36.494194
1722,34.80181
1723,29.571024
1724,27.716324
1725,26.267601
1726,26.515833
1727,28.080746
1728,33.670345
1729,42.034588
1730,40.226116
1731,36.644444
1732,36.108063
1733,34.66769
1734,30.902266
1735,25.608562
1736,24.572918
1737,25.92448
1738,26.074415
1739,29.59646
1740,40.41638
1741,44.895447
1742,43.59219
1743,41.206814
1744,38.73819
1745,36.92385
1746,34.64726
1747,30.102259
1748,27.37403
1749,27.545061
1750,27.71827
1751,29.25196
1752,32.66177
1753,40.73376
1754,41.257877
1755,35.77862
1756,33.990807
1757,27.171831
1758,25.726881
1759,25.455637
1760,24.11769
1761,23.298819
1762,25.561737
1763,28.835508
1764,34.695263
1765,45.457985
1766,44.381523
1767,39.340576
1768,38.594963
1769,35.86891
1770,34.272297
1771,31.707027
1772,28.136368
1773,27.658857
1774,26.491224
1775,28.99786
1776,35.71081
1777,39.78892
1778,41.34478
1779,36.35716
1780,34.543037
1781,33.10246
1782,31.049665
1783,28.535143
1784,27.536705
1785,28.080368
1786,30.386913
1787,35.726917
1788,45.388035
1789,48.82505
1790,48.046177
1791,41.358433
1792,39.38611
1793,37.77005
1794,34.588375
1795,34.01961
1796,32.941586
1797,31.552277
1798,29.960915
1799,31.054674
1800,38.58424
1801,44.789867
1802,46.74104
1803,36.33211
1804,34.189705
1805,32.19445
1806,30.261166
1807,30.473103
1808,28.828384
1809,28.71702
1810,30.838726
1811,36.5647
1812,44.61257
1813,48.107426
1814,47.068794
1815,41.660328
1816,39.985214
1817,38.122322
1818,33.37197
1819,29.909122
1820,25.826767
1821,22.46823
1822,22.642437
1823,24.729507
1824,30.943056
1825,36.551468
1826,39.323357
1827,36.541794
1828,35.89186
1829,36.130207
1830,34.027176
1831,28.36082
1832,23.657093
1833,24.143251
1834,24.968641
1835,27.23605
1836,33.21125
1837,40.81692
1838,40.980457
1839,37.824646
1840,37.234512
1841,35.40566
1842,32.44219
1843,32.199574
1844,29.216064
1845,27.056782
1846,25.85674
1847,25.382528
1848,26.558249
1849,27.070957
1850,28.379768
1851,26.315735
1852,23.052141
1853,20.557789
1854,18.52943
1855,18.184706
1856,15.120391
1857,17.22814
1858,18.30796
1859,25.255537
1860,29.925232
1861,34.29029
1862,34.68071
1863,30.942272
1864,30.616316
1865,28.96213
1866,23.588964
1867,20.602245
1868,20.175482
1869,18.002499
1870,12.723053
1871,12.912376
1872,12.962368
1873,11.57278
1874,13.79233
1875,15.343942
1876,13.79973
1877,6.9702067
1878,-0.08915269
1879,-5.494023
1880,-14.851423
1881,-41.669125
1882,-7.472934
1883,5.9888062
1884,19.535854
1885,27.959589
1886,28.815096
1887,31.285498
1888,34.18558
1889,33.429222
1890,29.077717
1891,29.745918
1892,27.363537
1893,25.958916
1894,24.404951
1895,26.370104
1896,33.65321
1897,41.372616
1898,38.643635
1899,35.579575
1900,35.709232
1901,34.44104
1902,33.86041
1903,30.58186
1904,29.772043
1905,31.32381
1906,32.589447
1907,37.018986
1908,40.939392
1909,41.913155
1910,39.028137
1911,35.019775
1912,32.05834
1913,26.642565
1914,19.94883
1915,14.510381
1916,15.640384
1917,12.376939
1918,14.950938
1919,16.837055
1920,26.934443
1921,31.262043
1922,33.387886
1923,30.886047
1924,24.891844
1925,18.121931
1926,13.689444
1927,9.945567
1928,-2.318435
1929,6.9221635
1930,14.855145
1931,26.333267
1932,33.03936
1933,37.055145
1934,37.431046
1935,35.065475
1936,34.551598
1937,30.400845
1938,25.973177
1939,24.571323
1940,21.473637
1941,21.585665
1942,21.500723
1943,23.723993
1944,26.78704
1945,32.610245
1946,33.246017
1947,26.645872
1948,15.977364
1949,7.1956663
1950,-1.9071084
1951,-2.920056
1952,-3.4655263
1953,0.55776256
1954,6.528024
1955,15.037398
1956,23.040709
1957,32.853897
1958,37.42936
1959,34.44505
1960,36.398323
1961,33.769226
1962,31.031027
1963,33.300568
1964,30.54474
1965,28.640987
1966,26.952168
1967,28.850702
1968,33.630093
1969,39.337765
1970,38.14984
1971,34.891907
1972,30.979195
1973,26.534353
1974,26.159515
1975,25.845287
1976,24.582722
1977,26.791758
1978,28.333694
1979,33.75205
1980,43.787666
1981,50.50293
1982,58.87297
1983,50.641975
1984,45.329254
1985,40.098717
1986,35.22959
1987,36.548145
1988,33.126236
1989,31.61085
1990,32.03351
1991,33.16241
1992,38.621925
1993,45.58194
1994,43.91794
1995,41.76404
1996,38.24523
1997,35.947414
1998,30.666931
1999,28.889118
2000,28.533428
2001,30.104368
2002,32.826416
2003,37.83294
2004,48.130844
2005,54.096714
2006,53.380764
2007,46.317772
2008,42.573597
2009,39.90971
2010,34.583935
2011,30.032406
2012,22.941463
2013,23.096508
2014,21.485945
2015,23.861677
2016,25.968273
2017,27.491129
2018,29.1356
2019,25.85839
2020,24.429966
2021,21.60203
2022,21.702795
2023,21.927973
2024,21.089703
2025,23.699144
2026,25.009956
2027,29.825748
2028,38.13037
2029,42.69171
2030,40.311672
2031,37.3306
2032,36.85492
2033,34.311634
2034,30.797567
2035,28.601831
2036,26.408197
2037,26.608046
2038,24.250074
2039,25.057129
2040,25.617723
2041,25.832912
2042,26.810225
2043,26.750462
2044,26.25383
2045,26.913027
2046,26.909275
2047,24.989136
2048,23.20966
2049,24.68874
2050,25.612001
2051,26.525375
2052,30.329704
2053,33.554813
2054,36.302475
2055,33.92939
2056,34.338017
2057,35.0817
2058,31.881973
2059,26.326538
2060,26.218988
2061,26.109612
2062,25.32824
2063,28.674484
2064,33.506313
2065,41.08261
2066,43.650272
2067,39.68368
2068,40.71702
2069,39.62064
2070,39.18921
2071,39.57393
2072,39.058308
2073,39.425488
2074,39.79857
2075,41.209557
2076,43.463932
2077,46.45279
2078,47.385197
2079,40.959778
2080,38.664112
2081,37.47505
2082,32.698997
2083,30.105587
2084,27.544813
2085,26.04978
2086,23.205162
2087,25.674526
2088,33.034485
2089,39.83799
2090,49.79048
2091,46.554127
2092,43.035656
2093,39.974754
2094,39.169823
2095,38.13535
2096,36.370544
2097,36.463665
2098,37.03314
2099,39.142868
2100,43.662945
2101,47.350395
2102,44.984314
2103,40.647675
2104,38.66918
2105,35.987026
2106,28.972376
2107,29.938766
2108,25.498116
2109,21.614193
2110,19.049124
2111,22.714476
2112,26.570772
2113,34.72783
2114,37.26676
2115,31.644203
2116,24.368027
2117,22.484428
2118,20.52103
2119,22.55181
2120,22.943188
2121,24.216257
2122,25.578974
2123,29.289307
2124,40.366898
2125,45.65651
2126,44.856236
2127,40.303288
2128,38.000347
2129,37.486134
2130,33.62512
2131,26.14891
2132,21.238771
2133,20.940784
2134,21.35564
2135,25.83086
2136,33.15422
2137,35.630257
2138,38.06794
2139,35.682564
2140,33.95756
2141,27.477869
2142,25.173876
2143,26.375654
2144,25.344662
2145,26.776255
2146,29.044035
2147,39.43573
2148,45.771782
2149,50.043358
2150,52.966293
2151,45.530857
2152,39.985886
2153,37.683266
2154,34.055386
2155,31.828531
2156,30.717468
2157,28.766031
2158,27.20069
2159,29.534681
2160,34.887466
2161,38.79728
2162,40.703186
2163,36.287483
2164,36.037655
2165,34.170914
2166,31.672104
2167,30.105526
2168,29.0141
2169,30.31071
2170,32.994972
2171,38.319065
2172,46.14366
2173,50.18838
2174,50.08681
2175,43.47577
2176,40.645695
2177,38.48758
2178,33.407394
2179,35.373806
2180,32.10336
2181,30.95132
2182,29.123146
2183,29.891504
2184,30.965755
2185,31.518799
2186,32.7879
2187,31.348015
2188,31.384726
2189,28.68804
2190,25.726122
2191,22.893251
2192,22.764708
2193,24.904959
2194,29.42993
2195,33.813187
2196,41.355667
2197,44.21045
2198,42.391464
2199,40.610573
2200,37.13989
2201,35.37094
2202,31.369724
2203,29.492668
2204,28.424881
2205,27.141287
2206,25.663757
2207,26.267996
2208,26.886236
2209,25.33077
2210,25.329815
2211,24.62612
2212,23.166183
2213,24.155237
2214,22.656742
2215,19.769718
2216,17.297146
2217,21.93942
2218,25.586172
2219,31.37202
2220,36.316612
2221,39.21281
2222,39.94043
2223,38.389606
2224,36.900597
2225,32.423244
2226,24.836517
2227,28.094372
2228,28.759937
2229,27.703205
2230,26.228243
2231,29.502996
2232,35.82311
2233,41.318897
2234,42.701653
2235,37.153374
2236,37.634945
2237,37.97049
2238,37.36482
2239,32.574673
2240,31.336893
2241,33.327465
2242,36.925343
2243,41.77465
2244,46.255875
2245,49.531384
2246,51.722813
2247,43.747578
2248,38.972397
2249,36.716843
2250,28.785036
2251,32.39699
2252,31.811377
2253,30.506134
2254,29.046858
2255,31.863333
2256,37.599957
2257,41.804337
2258,42.761166
2259,38.502888
2260,38.750553
2261,36.888824
2262,33.23038
2263,32.074024
2264,31.94099
2265,32.383656
2266,33.21613
2267,40.560654
2268,45.79562
2269,46.97939
2270,46.205853
2271,39.70141
2272,36.124092
2273,32.314373
2274,26.77771
2275,23.652445
2276,24.185635
2277,24.409113
2278,25.470243
2279,29.506943
2280,36.096783
2281,41.231
2282,42.73196
2283,38.94786
2284,37.71058
2285,35.4205
2286,31.733038
2287,31.75324
2288,31.82066
2289,33.186226
2290,35.970306
2291,39.620716
2292,45.764633
2293,53.236874
2294,54.42671
2295,42.748863
2296,37.71189
2297,34.794434
2298,28.829065
2299,29.379583
2300,28.57023
2301,27.809427
2302,28.617407
2303,30.578367
2304,37.250214
2305,41.05863
2306,43.360714
2307,39.75067
2308,39.730087
2309,38.831047
2310,37.709755
2311,37.022835
2312,36.66762
2313,37.126827
2314,38.455246
2315,42.768044
2316,47.94725
2317,54.162083
2318,51.418953
2319,44.78746
2320,39.658676
2321,38.46466
2322,33.739384
2323,31.725288
2324,31.462378
2325,31.398243
2326,29.980305
2327,31.371428
2328,38.431538
2329,49.91152
2330,54.912445
2331,48.233017
2332,48.648933
2333,48.65394
2334,47.164974
2335,41.138744
2336,37.82532
2337,38.013237
2338,39.578823
2339,43.46968
2340,46.232822
2341,50.9722
2342,48.40347
2343,42.288017
2344,39.84161
2345,36.33726
2346,32.920376
2347,35.731773
2348,33.11546
2349,31.5917
2350,29.855549
2351,30.07246
2352,32.354397
2353,33.243122
2354,32.863037
2355,31.69289
2356,32.919464
2357,31.561745
2358,30.517756
2359,29.377964
2360,27.94515
2361,28.881956
2362,28.657997
2363,33.280094
2364,35.39396
2365,40.807953
2366,39.60085
2367,39.090878
2368,36.81278
2369,36.218536
2370,32.029755
2371,31.08228
2372,28.672411
2373,27.263933
2374,25.663757
2375,26.267996
2376,26.846043
2377,27.086143
2378,26.645317
2379,26.840206
2380,25.953165
2381,22.160957
2382,19.009039
2383,18.690344
2384,18.814981
2385,20.315908
2386,25.027246
2387,26.789438
2388,33.85067
2389,38.782364
2390,37.20324
2391,37.23457
2392,36.970783
2393,35.737946
2394,31.539936
2395,27.637259
2396,28.980581
2397,28.364897
2398,27.44147
2399,30.024649
2400,36.320255
2401,44.10999
2402,46.497475
2403,43.584976
2404,42.457073
2405,40.7919
2406,39.873337
2407,37.841167
2408,37.723873
2409,38.137444
2410,40.397312
2411,43.84325
2412,50.261898
2413,57.244034
2414,57.75546
2415,51.1458
2416,44.52782
2417,39.821705
2418,35.41538
2419,34.128784
2420,32.883152
2421,31.573961
2422,29.825167
2423,31.26348
2424,41.453533
2425,50.200027
2426,56.111153
2427,51.84464
2428,45.13714
2429,41.727768
2430,38.842216
2431,37.983734
2432,36.381424
2433,37.266216
2434,37.311695
2435,43.186726
2436,49.739426
2437,57.42499
2438,57.008717
2439,52.321545
2440,46.491104
2441,43.366817
2442,36.883484
2443,35.74986
2444,34.008106
2445,32.56631
2446,30.242428
2447,32.38358
2448,41.826538
2449,48.141003
2450,50.632103
2451,42.90245
2452,40.375515
2453,37.25301
2454,33.927025
2455,33.540394
2456,34.0718
2457,34.999695
2458,36.326233
2459,41.463226
2460,49.61673
2461,53.004883
2462,53.780643
2463,45.281757
2464,39.612835
2465,35.165596
2466,31.213184
2467,30.987022
2468,27.570927
2469,25.942892
2470,25.090034
2471,27.743826
2472,34.00594
2473,40.48301
2474,44.17214
2475,38.89617
2476,36.77155
2477,36.76636
2478,35.722874
2479,35.30146
2480,33.025745
2481,34.087975
2482,36.52713
2483,42.84058
2484,50.044884
2485,56.888466
2486,58.789818
2487,50.060757
2488,41.73354
2489,37.12895
2490,33.856194
2491,30.654251
2492,27.187826
2493,23.188362
2494,20.852274
2495,23.488653
2496,27.336348
2497,34.267876
2498,37.07339
2499,37.194996
2500,35.83861
2501,32.673065
2502,28.158443
2503,24.829546
2504,25.023829
2505,27.112692
2506,27.476124
2507,33.76337
2508,41.190388
2509,44.9001
2510,42.90544
2511,40.772457
2512,38.82218
2513,35.88074
2514,34.448307
2515,29.163685
2516,24.99007
2517,23.361153
2518,20.527449
2519,20.45679
2520,20.776575
2521,25.804827
2522,27.657822
2523,30.621662
2524,28.706903
2525,25.483072
2526,20.23809
2527,14.013962
2528,7.409265
2529,4.269483
2530,5.7910867
2531,21.808426
2532,31.878685
2533,31.226444
2534,32.727497
2535,33.19053
2536,31.987656
2537,30.31935
2538,23.69607
2539,21.861242
2540,21.892162
2541,18.82682
2542,16.213816
2543,11.775435
2544,9.876639
2545,13.38484
2546,17.637335
2547,15.083729
2548,6.8054924
2549,-0.66304153
2550,-3.1512094
2551,-6.622026
2552,-28.116688
2553,-9.301941
2554,-4.6275325
2555,11.682037
2556,26.0861
2557,32.918957
2558,34.959095
2559,35.79318
2560,36.19073
2561,35.138794
2562,28.597776
2563,27.11888
2564,27.267542
2565,27.318027
2566,25.104988
2567,26.973644
2568,36.089893
2569,47.064514
2570,52.189648
2571,47.90968
2572,48.06205
2573,44.370323
2574,45.073566
2575,42.058212
2576,41.08158
2577,41.392014
2578,41.119396
2579,44.258057
2580,54.319675
2581,60.064827
2582,62.570656
2583,58.15685
2584,51.76839
2585,49.301727
2586,39.268887
2587,39.231827
2588,37.33074
2589,33.984425
2590,32.21267
2591,34.23243
2592,42.160244
2593,53.975143
2594,50.1588
2595,49.548866
2596,42.10091
2597,41.356064
2598,39.819923
2599,37.531895
2600,36.933105
2601,36.153763
2602,36.531796
2603,38.373848
2604,43.496227
2605,44.224907
2606,43.30048
2607,36.859505
2608,32.15269
2609,24.109795
2610,10.981509
2611,4.5515475
2612,-0.20321856
2613,-2.1228855
2614,2.437135
2615,6.096913
2616,22.271185
2617,36.688904
2618,36.5722
2619,31.06131
2620,23.675085
2621,10.583909
2622,10.546236
2623,5.4501505
2624,1.026982
2625,1.2183456
2626,-2.6452727
2627,8.215614
2628,19.490967
2629,34.564785
2630,31.650967
2631,27.661562
2632,24.07124
2633,19.60025
2634,11.694376
2635,13.818256
2636,18.176895
2637,20.084593
2638,21.566586
2639,26.797506
2640,34.606396
2641,47.002678
2642,48.81143
2643,47.84674
2644,36.072327
2645,36.42735
2646,37.86534
2647,40.439598
2648,42.437107
2649,45.23998
2650,47.247414
2651,50.438705
2652,67.50474
2653,72.285866
2654,78.27088
2655,72.02086
2656,55.330017
2657,51.007812
2658,41.278965
2659,36.020004
2660,30.331224
2661,30.097977
2662,28.355103
2663,31.577963
2664,38.269978
2665,46.318596
2666,50.540043
2667,45.07329
2668,45.27221
2669,43.32067
2670,41.206547
2671,35.896904
2672,33.86521
2673,37.43872
2674,39.410675
2675,44.621307
2676,50.599304
2677,53.215157
2678,53.599667
2679,49.260853
2680,44.016785
2681,39.67747
2682,35.593918
2683,34.51422
2684,32.146328
2685,30.008205
2686,28.681448
2687,28.624681
2688,32.08112
2689,32.956753
2690,34.78695
2691,36.120075
2692,36.82979
2693,35.51113
2694,34.684807
2695,30.531342
2696,29.637465
2697,30.791142
2698,32.92327
2699,38.12092
2700,41.597023
2701,47.930656
2702,46.492485
2703,43.84753
2704,41.52139
2705,39.19855
2706,35.952328
2707,35.53827
2708,32.736816
2709,30.62879
2710,30.669018
2711,31.007961
2712,32.002888
2713,30.716412
2714,33.013996
2715,32.94937
2716,32.200283
2717,32.574223
2718,32.030777
2719,30.481974
2720,30.044268
2721,30.29353
2722,31.048199
2723,33.399178
2724,36.64261
2725,39.468216
2726,39.978703
2727,41.429043
2728,41.037575
2729,38.441933
2730,34.581192
2731,28.20738
2732,27.247313
2733,29.314884
2734,28.642363
2735,31.91874
2736,41.69738
2737,54.84171
2738,62.677555
2739,62.263443
2740,61.739548
2741,57.073074
2742,58.534454
2743,55.57193
2744,53.920914
2745,55.973717
2746,54.84251
2747,65.80839
2748,70.842445
2749,73.897194
2750,73.185425
2751,62.95737
2752,55.074055
2753,46.917316
2754,41.44822
2755,37.12528
2756,36.91211
2757,34.988907
2758,34.405964
2759,37.926605
2760,46.82121
2761,57.903202
2762,65.01108
2763,66.22988
2764,56.441322
2765,53.633686
2766,52.035484
2767,50.280575
2768,49.924988
2769,48.329655
2770,50.248425
2771,53.411724
2772,59.262665
2773,65.385864
2774,64.248634
2775,59.904896
2776,50.769554
2777,42.96679
2778,38.65614
2779,39.611782
2780,37.40595
2781,36.184414
2782,35.129913
2783,39.19651
2784,47.0529
2785,58.90572
2786,64.718094
2787,67.2023
2788,57.06237
2789,52.169994
2790,47.377247
2791,44.6708
2792,43.324547
2793,44.124386
2794,45.500023
2795,51.045082
2796,61.61304
2797,67.41984
2798,65.809
2799,58.205982
2800,49.36684
2801,44.66239
2802,41.04092
2803,41.965103
2804,37.720566
2805,35.219963
2806,34.31244
2807,36.51669
2808,44.872147
2809,54.68335
2810,59.333202
2811,53.741707
2812,49.27713
2813,45.40452
2814,39.097935
2815,30.949562
2816,30.146866
2817,31.81391
2818,35.703392
2819,36.45054
2820,46.852016
2821,50.608646
2822,48.426205
2823,43.003487
2824,36.953003
2825,29.123821
2826,23.28987
2827,25.268507
2828,24.720783
2829,25.283228
2830,25.748278
2831,29.930988
2832,37.969112
2833,47.01882
2834,52.01804
2835,50.11365
2836,45.847984
2837,39.58983
2838,36.696663
2839,34.403267
2840,31.395926
2841,32.036385
2842,32.576683
2843,40.527527
2844,49.51685
2845,50.571243
2846,49.651546
2847,45.318462
2848,41.021572
2849,38.011787
2850,31.955772
2851,36.25562
2852,33.906197
2853,30.44369
2854,28.807543
2855,29.513075
2856,32.03402
2857,33.757725
2858,35.338604
2859,38.325592
2860,35.578465
2861,30.860455
2862,29.027044
2863,25.631302
2864,19.057642
2865,16.398039
2866,28.31581
2867,33.46187
2868,37.921253
2869,43.119453
2870,44.560444
2871,43.157284
2872,40.496597
2873,35.828465
2874,34.000683
2875,31.446243
2876,29.697664
2877,28.687145
2878,28.392994
2879,29.062773
2880,29.884443
2881,31.896776
2882,31.823206
2883,30.161373
2884,30.814306
2885,30.275969
2886,32.001514
2887,31.779936
2888,29.870852
2889,29.889122
2890,32.017765
2891,35.324776
2892,40.80989
2893,46.458042
2894,48.13114
2895,45.75293
2896,42.83981
2897,39.9718
2898,35.11958
2899,32.00018
2900,31.579762
2901,31.767645
2902,30.686949
2903,32.594448
2904,43.456875
2905,58.11485
2906,58.68598
2907,55.999588
2908,50.586117
2909,44.466545
2910,43.689518
2911,40.40249
2912,36.05239
2913,36.064762
2914,39.12015
2915,43.209946
2916,51.389637
2917,60.12863
2918,57.909096
2919,50.718506
2920,42.009125
2921,34.30334
2922,28.928326
2923,27.823605
2924,27.383017
2925,24.358797
2926,24.084429
2927,28.066101
2928,35.170685
2929,38.792755
2930,46.972107
2931,42.447136
2932,34.671837
2933,30.680471
2934,28.521158
2935,26.401508
2936,27.084633
2937,29.271515
2938,34.293247
2939,41.301514
2940,55.257343
2941,61.86026
2942,63.33302
2943,54.3165
2944,44.27766
2945,37.991245
2946,33.72959
2947,29.691885
2948,31.529167
2949,29.183868
2950,29.187918
2951,31.382486
2952,37.995213
2953,49.97557
2954,50.84333
2955,45.831375
2956,40.250843
2957,31.080475
2958,28.32466
2959,28.33177
2960,28.754992
2961,29.859842
2962,30.849361
2963,36.353188
2964,47.680626
2965,51.983704
2966,48.918697
2967,43.768414
2968,39.800694
2969,28.544355
2970,27.203867
2971,27.751053
2972,28.615828
2973,28.920471
2974,29.042953
2975,31.236277
2976,41.87293
2977,52.91452
2978,55.63861
2979,52.893116
2980,47.987705
2981,45.516823
2982,44.16828
2983,43.591633
2984,41.64944
2985,41.425232
2986,45.56964
2987,51.466915
2988,63.369892
2989,68.05616
2990,72.00583
2991,62.367172
2992,50.460976
2993,44.712864
2994,39.606133
2995,42.443745
2996,37.887714
2997,37.703217
2998,36.012646
2999,37.996506
3000,48.92721
3001,61.250526
3002,64.05059
3003,64.18646
3004,54.94147
3005,46.192898
3006,43.107834
3007,38.568554
3008,35.78381
3009,35.267487
3010,37.845776
3011,45.339043
3012,53.163483
3013,60.86302
3014,62.545643
3015,54.70937
3016,49.10328
3017,45.285717
3018,40.904297
3019,39.86391
3020,35.875675
3021,33.07649
3022,33.371956
3023,32.99474
3024,35.320656
3025,38.173584
3026,40.34995
3027,37.5957
3028,33.087254
3029,25.854773
3030,9.496036
3031,-8.789765
3032,-14.706376
3033,-8.206618
3034,17.240843
3035,36.15764
3036,39.943172
3037,48.19421
3038,48.78565
3039,46.507523
3040,43.85597
3041,40.01903
3042,36.54608
3043,33.53569
3044,31.636637
3045,30.51397
3046,28.635908
3047,27.321566
3048,28.674976
3049,30.658684
3050,30.340069
3051,28.151356
3052,23.304016
3053,8.982754
3054,-9.3902445
3055,-35.350887
3056,-53.754887
3057,-35.639835
3058,7.311467
3059,23.773315
3060,40.219154
3061,44.115402
3062,49.231922
3063,47.382416
3064,44.514477
3065,39.554905
3066,32.63205
3067,33.234882
3068,33.61012
3069,33.044865
3070,32.389168
3071,34.872574
3072,46.143852
3073,59.075237
3074,56.203777
3075,52.145416
3076,50.356373
3077,47.482418
3078,43.84341
3079,38.221737
3080,40.936283
3081,39.73385
3082,47.032635
3083,54.59763
3084,73.45467
3085,80.31744
3086,84.56815
3087,77.38605
3088,54.559845
3089,48.371014
3090,40.733166
3091,38.93268
3092,39.387974
3093,38.02682
3094,36.501534
3095,39.94661
3096,51.038918
3097,63.80234
3098,74.61324
3099,72.59159
3100,63.728413
3101,58.794415
3102,54.779343
3103,48.17576
3104,49.49385
3105,51.53109
3106,59.027916
3107,71.98526
3108,86.94546
3109,96.085556
3110,90.125
3111,79.47115
3112,64.556465
3113,55.065746
3114,47.27345
3115,48.456425
3116,44.81107
3117,44.12182
3118,42.40082
3119,44.218987
3120,55.151375
3121,68.48952
3122,75.481094
3123,79.30597
3124,65.194084
3125,57.762524
3126,54.318134
3127,46.80333
3128,42.193035
3129,40.25977
3130,45.2381
3131,49.689842
3132,60.01173
3133,63.78102
3134,61.6033
3135,54.057766
3136,45.270145
3137,39.776733
3138,34.55159
3139,32.04405
3140,34.313942
3141,34.722824
3142,34.66149
3143,37.801098
3144,42.597633
3145,54.420002
3146,56.808094
3147,55.713425
3148,50.50102
3149,43.671505
3150,40.400436
3151,37.54415
3152,37.130993
3153,36.984703
3154,38.41246
3155,51.31197
3156,62.801823
3157,68.97176
3158,66.86004
3159,55.841145
3160,48.640804
3161,38.701756
3162,34.576126
3163,35.950764
3164,34.15964
3165,33.65108
3166,33.774246
3167,36.115643
3168,45.559536
3169,52.318146
3170,55.938896
3171,53.960693
3172,47.650215
3173,41.895332
3174,35.691612
3175,32.62998
3176,33.147022
3177,34.527153
3178,37.67582
3179,42.168674
3180,51.43395
3181,55.95873
3182,55.008278
3183,48.605694
3184,42.053055
3185,36.072567
3186,33.62265
3187,30.812756
3188,30.264975
3189,31.713724
3190,30.985237
3191,31.867533
3192,33.521454
3193,36.66949
3194,38.119797
3195,38.240063
3196,35.170773
3197,32.02781
3198,30.872774
3199,29.8461
3200,30.119612
3201,31.613516
3202,33.752373
3203,38.77594
3204,46.087963
3205,50.722473
3206,49.988266
3207,46.636486
3208,40.036842
3209,36.098526
3210,33.762684
3211,35.030907
3212,35.36013
3213,34.647488
3214,33.1359
3215,33.083973
3216,34.00004
3217,34.38319
3218,34.19381
3219,32.941288
3220,34.208748
3221,31.752388
3222,29.353096
3223,28.803762
3224,29.429014
3225,33.474422
3226,33.58618
3227,37.078632
3228,43.929974
3229,49.607494
3230,51.732384
3231,47.887135
3232,44.151283
3233,41.232944
3234,35.643505
3235,35.519737
3236,35.742687
3237,35.580383
3238,36.060764
3239,38.52526
3240,54.371742
3241,64.85161
3242,69.23648
3243,74.60234
3244,59.34698
3245,50.181213
3246,45.00879
3247,42.583683
3248,39.02623
3249,43.513218
3250,51.467827
3251,65.02694
3252,72.0645
3253,92.10843
3254,87.55515
3255,78.40585
3256,54.02342
3257,50.12598
3258,45.18044
3259,40.839325
3260,42.175255
3261,41.854256
3262,40.383907
3263,43.930008
3264,53.996376
3265,63.31162
3266,78.19106
3267,69.49796
3268,55.909454
3269,49.451633
3270,45.412827
3271,43.5353
3272,42.517387
3273,44.70119
3274,52.97969
3275,60.979183
3276,68.48021
3277,74.85932
3278,83.55392
3279,59.87304
3280,51.731518
3281,46.846153
3282,39.158806
3283,42.077114
3284,40.01847
3285,38.264927
3286,37.625084
3287,39.644726
3288,48.10388
3289,60.08315
3290,58.72755
3291,57.841766
3292,50.32159
3293,46.372
3294,46.04898
3295,42.388123
3296,40.720142
3297,43.8903
3298,45.931995
3299,48.5897
3300,61.24306
3301,62.73037
3302,58.771748
3303,49.422997
3304,46.5958
3305,36.050327
3306,29.050842
3307,27.374357
3308,22.46475
3309,21.67502
3310,20.023445
3311,22.522635
3312,34.441833
3313,45.08069
3314,52.973816
3315,48.53597
3316,34.574066
3317,31.285639
3318,28.687536
3319,30.704586
3320,30.824783
3321,36.45517
3322,38.36621
3323,45.22894
3324,51.930454
3325,58.037045
3326,61.217358
3327,49.62304
3328,42.78998
3329,37.436752
3330,32.03743
3331,30.646946
3332,30.176184
3333,28.3359
3334,26.945395
3335,30.130753
3336,37.019398
3337,48.5111
3338,54.739456
3339,53.673634
3340,49.20225
3341,44.827652
3342,44.50168
3343,43.680428
3344,38.613823
3345,37.16057
3346,37.311028
3347,41.981785
3348,51.26179
3349,56.31629
3350,52.003338
3351,45.78335
3352,41.533478
3353,35.769974
3354,32.35026
3355,31.92292
3356,30.313559
3357,27.463882
3358,26.003
3359,26.78887
3360,30.962805
3361,33.67338
3362,36.288826
3363,39.361095
3364,41.678326
3365,39.451996
3366,38.491245
3367,34.059166
3368,31.577787
3369,30.349888
3370,28.662657
3371,31.676153
3372,36.648983
3373,41.23338
3374,43.61556
3375,35.818172
3376,30.341328
3377,27.627295
3378,21.846254
3379,4.8204455
3380,16.99498
3381,15.708881
3382,11.816949
3383,13.437402
3384,17.94558
3385,20.879076
3386,25.085457
3387,29.74401
3388,32.07654
3389,33.60999
3390,32.63309
3391,33.93149
3392,30.857382
3393,31.936481
3394,32.798492
3395,37.66086
3396,42.45021
3397,49.05811
3398,50.28266
3399,45.458157
3400,42.19061
3401,38.27335
3402,34.9953
3403,31.336395
3404,31.391697
3405,29.546625
3406,28.513712
3407,31.51488
3408,44.00149
3409,57.12339
3410,60.065372
3411,54.252037
3412,52.43922
3413,48.890312
3414,47.23419
3415,46.793205
3416,47.475483
3417,48.043144
3418,49.511044
3419,52.519173
3420,57.040176
3421,64.71888
3422,71.20887
3423,51.154724
3424,47.80345
3425,41.34794
3426,36.336983
3427,36.112614
3428,36.397377
3429,36.172115
3430,34.934105
3431,38.998116
3432,47.994633
3433,59.234318
3434,73.89028
3435,77.94521
3436,70.42039
3437,65.744446
3438,62.84624
3439,56.392365
3440,52.3233
3441,53.897808
3442,56.830585
3443,64.23238
3444,67.23121
3445,80.264175
3446,86.91985
3447,64.727455
3448,53.286762
3449,46.576218
3450,41.702217
3451,39.77596
3452,40.63348
3453,39.527534
3454,38.606503
3455,40.239754
3456,51.846153
3457,61.03132
3458,72.631134
3459,73.135544
3460,64.03759
3461,54.057583
3462,51.489307
3463,48.973804
3464,47.91258
3465,46.80657
3466,49.639145
3467,55.28072
3468,60.185616
3469,64.857796
3470,67.601685
3471,51.120754
3472,47.56613
3473,40.234528
3474,33.970646
